clt,italian,anna-lombardo
convolutions,vietnamese,lkhphuc
neural-networks,hungarian,Máté Kaszap
moser-reboot,hungarian,Fabó Bence
vectors,czech,@Chnapak
essence-of-calculus,portuguese,redkk123
essence-of-calculus,korean,Hana Seo
better-bayes,vietnamese,duyhub
eola-preview,french,@bapraAlbert
neural-networks,italian,Teo Bucci
eulers-formula-via-group-theory,italian,Filippo
hamming-codes,hungarian,Fabó Bence
neural-networks,italian,Teo Bucci
sphere-area,german,@Dat-Pudding
barber-pole-1,german,jns-v
gaussian-integral,german,dreivmeister
groups-and-monsters,german,dlatikaynen
gaussian-integral,german,lprecord
wordle,german,Thadaeus
prism,portuguese,@doryhelioaires